{
  "wrs": "5555-5555",
  "assembly": [
    {
      "number": "6666",
      "quantity": 4,
      "estimatedTime": 120,
      "accumulatedTime": 50,
      "manualProgress": 60,
      "tecnico": "",
      "createdAt": "2025-10-21T06:11:59.340Z",
      "updatedAt": "2025-10-21T06:12:14.125Z",
      "comment": ""
    },
    {
      "number": "5555",
      "quantity": 5,
      "estimatedTime": 52,
      "accumulatedTime": 15,
      "manualProgress": 50,
      "tecnico": "ghjk",
      "createdAt": "2025-10-01T04:24:32.402Z",
      "updatedAt": "2025-10-02T03:24:13.222Z",
      "comment": "kj;kn"
    },
    {
      "number": "ev",
      "quantity": 2,
      "estimatedTime": 15,
      "accumulatedTime": 0,
      "manualProgress": 0,
      "tecnico": ""
    },
    {
      "number": "5555-5555",
      "quantity": 4,
      "estimatedTime": 120,
      "accumulatedTime": 55,
      "manualProgress": 70,
      "tecnico": "552897"
    }
  ],
  "electrical": [
    {
      "number": "2522",
      "quantity": 2,
      "estimatedTime": 50,
      "accumulatedTime": 20,
      "manualProgress": 20,
      "tecnico": "555",
      "updatedAt": "2025-10-01T04:26:03.832Z"
    },
    {
      "number": "555",
      "quantity": 5,
      "estimatedTime": 15,
      "accumulatedTime": 0,
      "manualProgress": 0,
      "tecnico": "",
      "createdAt": "2025-10-01T04:25:36.465Z",
      "updatedAt": "2025-10-01T04:25:36.465Z"
    },
    {
      "number": "jlgjh",
      "quantity": 4,
      "estimatedTime": 1,
      "accumulatedTime": 0,
      "manualProgress": 0,
      "tecnico": ""
    }
  ],
  "engineering": [
    {
      "hours": 0,
      "partNumber": "N/A",
      "comment": "Horas importadas"
    }
  ],
  "support": [
    {
      "hours": 0,
      "partNumber": "N/A",
      "comment": "Horas importadas"
    }
  ],
  "version": 20,
  "quality": [
    {
      "partNumber": "wdf",
      "status": "En revisión",
      "comment": "qre",
      "user": "wr"
    },
    {
      "partNumber": "5555-5555",
      "status": "En revisión",
      "comment": "efv",
      "user": "admin"
    }
  ]
}