{
  "wrs": "95349",
  "version": 4,
  "assembly": [
    {
      "number": "444",
      "quantity": 4,
      "estimatedTime": 120,
      "accumulatedTime": 0,
      "manualProgress": 0,
      "tecnico": "552897",
      "createdAt": "2025-10-20T00:47:50.498Z",
      "updatedAt": "2025-10-20T00:47:58.259Z",
      "comment": ""
    },
    {
      "number": "5555-5555",
      "quantity": 4,
      "estimatedTime": 120,
      "accumulatedTime": 25,
      "manualProgress": 0,
      "tecnico": "552897"
    }
  ],
  "engineering": [
    {
      "hours": 0,
      "partNumber": "N/A",
      "comment": "Horas importadas"
    }
  ],
  "support": [
    {
      "hours": 0,
      "partNumber": "N/A",
      "comment": "Horas importadas"
    }
  ],
  "electrical": [
    {
      "number": "wdqe",
      "quantity": 4,
      "estimatedTime": 12,
      "accumulatedTime": 8,
      "manualProgress": 100,
      "tecnico": "555",
      "createdAt": "2025-10-19T23:23:30.280Z",
      "updatedAt": "2025-10-19T23:23:49.875Z",
      "comment": ""
    }
  ],
  "quality": []
}