[
  {
    "uuid": "ed903465-d3e5-494f-9d6d-a4ca6d96b5e6",
    "number": "999",
    "quantity": 4,
    "estimatedTime": 130,
    "accumulatedTime": 17,
    "manualProgress": 0,
    "tecnico": "admin",
    "createdAt": "2025-10-24T05:39:09.674Z",
    "updatedAt": "2025-10-24T05:40:40.171Z",
    "wrs": "5555-5555",
    "type": "Ensamble",
    "timeAdded": 0,
    "snapshotDate": "2025-10-25"
  },
  {
    "uuid": "b3a4ba2b-1c6b-4488-ad3b-d89402a50574",
    "number": "888",
    "quantity": 4,
    "estimatedTime": 120,
    "accumulatedTime": 18,
    "manualProgress": 0,
    "tecnico": "admin",
    "createdAt": "2025-10-24T05:38:49.104Z",
    "updatedAt": "2025-10-24T05:40:48.050Z",
    "wrs": "5555-5555",
    "type": "Ensamble",
    "timeAdded": 0,
    "snapshotDate": "2025-10-25"
  },
  {
    "number": "777",
    "quantity": 4,
    "estimatedTime": 150,
    "accumulatedTime": 77,
    "manualProgress": 50,
    "tecnico": "admin",
    "createdAt": "2025-10-24T04:30:04.345Z",
    "updatedAt": "2025-10-24T05:30:44.271Z",
    "comment": "",
    "uuid": "86c33c0e-6496-45df-94ee-6dd42142ff78",
    "wrs": "5555-5555",
    "type": "Ensamble",
    "timeAdded": 0,
    "snapshotDate": "2025-10-25"
  },
  {
    "number": "1234",
    "quantity": 4,
    "estimatedTime": 120,
    "accumulatedTime": 47,
    "manualProgress": 40,
    "tecnico": "H552896",
    "createdAt": "2025-10-22T03:48:59.075Z",
    "updatedAt": "2025-10-24T05:30:49.169Z",
    "comment": "",
    "uuid": "7da33128-c187-4d78-b78a-5b072240f77c",
    "wrs": "5555-5555",
    "type": "Ensamble",
    "timeAdded": 0,
    "snapshotDate": "2025-10-25"
  },
  {
    "number": "1234",
    "quantity": 4,
    "estimatedTime": 120,
    "accumulatedTime": 10,
    "manualProgress": 50,
    "tecnico": "H552896",
    "createdAt": "2025-10-22T03:50:31.425Z",
    "updatedAt": "2025-10-24T04:00:29.401Z",
    "comment": "",
    "uuid": "83172867-0f58-44e4-9297-8948892a7cc0",
    "wrs": "5555-5555",
    "type": "Ensamble",
    "timeAdded": 0,
    "snapshotDate": "2025-10-25"
  },
  {
    "number": "1234",
    "quantity": 4,
    "estimatedTime": 120,
    "accumulatedTime": 20,
    "manualProgress": 30,
    "tecnico": "H552896",
    "createdAt": "2025-10-22T03:55:05.850Z",
    "updatedAt": "2025-10-24T04:00:13.674Z",
    "comment": "",
    "uuid": "a2bd823d-f2e8-44bd-a5fa-b7f3ecab48c8",
    "wrs": "5555-5555",
    "type": "Ensamble",
    "timeAdded": 0,
    "snapshotDate": "2025-10-25"
  },
  {
    "number": "6666",
    "quantity": 4,
    "estimatedTime": 120,
    "accumulatedTime": 50,
    "manualProgress": 60,
    "tecnico": "",
    "createdAt": "2025-10-21T06:11:59.340Z",
    "updatedAt": "2025-10-21T06:12:14.125Z",
    "comment": "",
    "uuid": "813aa0fe-e742-4ced-9570-3f9508591560",
    "wrs": "5555-5555",
    "type": "Ensamble",
    "timeAdded": 0,
    "snapshotDate": "2025-10-25"
  },
  {
    "number": "5555",
    "quantity": 5,
    "estimatedTime": 52,
    "accumulatedTime": 15,
    "manualProgress": 50,
    "tecnico": "ghjk",
    "createdAt": "2025-10-01T04:24:32.402Z",
    "updatedAt": "2025-10-02T03:24:13.222Z",
    "comment": "kj;kn",
    "uuid": "cbda62b0-8b56-4ad0-b37f-915d89409247",
    "wrs": "5555-5555",
    "type": "Ensamble",
    "timeAdded": 0,
    "snapshotDate": "2025-10-25"
  },
  {
    "number": "ev",
    "quantity": 2,
    "estimatedTime": 15,
    "accumulatedTime": 0,
    "manualProgress": 0,
    "tecnico": "",
    "uuid": "b4eab7c1-b759-4a2a-9272-35d958a3e505",
    "wrs": "5555-5555",
    "type": "Ensamble",
    "timeAdded": 0,
    "snapshotDate": "2025-10-25"
  },
  {
    "number": "5555-5555",
    "quantity": 4,
    "estimatedTime": 120,
    "accumulatedTime": 55,
    "manualProgress": 70,
    "tecnico": "552897",
    "uuid": "2992de4b-c1d6-4b25-83db-2a97890fe2ac",
    "wrs": "5555-5555",
    "type": "Ensamble",
    "timeAdded": 0,
    "snapshotDate": "2025-10-25"
  },
  {
    "number": "2522",
    "quantity": 2,
    "estimatedTime": 50,
    "accumulatedTime": 20,
    "manualProgress": 20,
    "tecnico": "555",
    "updatedAt": "2025-10-01T04:26:03.832Z",
    "uuid": "182ba989-b20b-4dc1-b25f-bbc240c981f5",
    "wrs": "5555-5555",
    "type": "Prueba Eléctrica",
    "timeAdded": 0,
    "snapshotDate": "2025-10-25"
  },
  {
    "number": "555",
    "quantity": 5,
    "estimatedTime": 15,
    "accumulatedTime": 0,
    "manualProgress": 0,
    "tecnico": "",
    "createdAt": "2025-10-01T04:25:36.465Z",
    "updatedAt": "2025-10-01T04:25:36.465Z",
    "uuid": "744a0197-aa11-4e35-aa65-9a706ad148d5",
    "wrs": "5555-5555",
    "type": "Prueba Eléctrica",
    "timeAdded": 0,
    "snapshotDate": "2025-10-25"
  },
  {
    "number": "jlgjh",
    "quantity": 4,
    "estimatedTime": 1,
    "accumulatedTime": 0,
    "manualProgress": 0,
    "tecnico": "",
    "uuid": "4633f935-9a7e-4b21-ac8b-95485923af9d",
    "wrs": "5555-5555",
    "type": "Prueba Eléctrica",
    "timeAdded": 0,
    "snapshotDate": "2025-10-25"
  },
  {
    "hours": 0,
    "partNumber": "N/A",
    "comment": "Horas importadas",
    "uuid": "2aa06f27-296e-44aa-bca0-fd9a0ca481df",
    "wrs": "5555-5555",
    "type": "Ingeniería",
    "timeAdded": 0,
    "snapshotDate": "2025-10-25"
  },
  {
    "hours": 0,
    "partNumber": "N/A",
    "comment": "Horas importadas",
    "uuid": "08d55c20-2337-48b0-8c7e-1b043ba1aedb",
    "wrs": "5555-5555",
    "type": "Soporte",
    "timeAdded": 0,
    "snapshotDate": "2025-10-25"
  }
]