{
  "wrs": "1111-1111",
  "version": 26,
  "assignedAdmins": {
    "primary": "H552897",
    "secondary": "admin",
    "tertiary": "H552894"
  },
  "assembly": [
    {
      "uuid": "fdc06deb-94ff-49b2-a754-6231e1827858",
      "number": "3333",
      "quantity": 4,
      "estimatedTime": 60,
      "accumulatedTime": 27,
      "manualProgress": 10,
      "tecnico": "H552895",
      "createdAt": "2025-11-13T05:38:35.052Z",
      "updatedAt": "2025-11-13T06:10:56.548Z",
      "comment": ""
    },
    {
      "uuid": "de30e2c4-7dde-440c-87db-4122d1e0a6d6",
      "number": "2222",
      "quantity": 4,
      "estimatedTime": 120,
      "accumulatedTime": 27,
      "manualProgress": 0,
      "tecnico": "admin",
      "createdAt": "2025-10-27T00:16:03.417Z",
      "updatedAt": "2025-11-13T06:00:54.456Z"
    },
    {
      "uuid": "c8b69633-8717-4b7f-a68c-58aebb5e95f9",
      "number": "1111",
      "quantity": 4,
      "estimatedTime": 120,
      "accumulatedTime": 32,
      "manualProgress": 0,
      "tecnico": "admin",
      "createdAt": "2025-10-27T00:14:35.946Z",
      "updatedAt": "2025-11-13T06:01:02.957Z",
      "comment": ""
    }
  ],
  "electrical": [],
  "engineering": [],
  "support": [],
  "quality": []
}