{
  "wrs": "6666-6666",
  "version": 1,
  "assembly": [
    {
      "uuid": "34dc27c3-1aab-4bd6-9481-6286431a8543",
      "number": "1111",
      "quantity": 2,
      "estimatedTime": 60,
      "accumulatedTime": 0,
      "manualProgress": 0,
      "tecnico": "H552897",
      "createdAt": "2025-11-17T00:28:37.553Z",
      "updatedAt": "2025-11-17T00:28:37.553Z"
    }
  ],
  "electrical": [],
  "engineering": [],
  "support": [],
  "quality": [],
  "assignedAdmins": {
    "primary": "H552897",
    "secondary": null,
    "tertiary": null
  }
}