{
  "wrs": "95349",
  "version": 4,
  "assembly": [
    {
      "number": "444",
      "quantity": 4,
      "estimatedTime": 120,
      "accumulatedTime": 0,
      "manualProgress": 0,
      "tecnico": "552897",
      "createdAt": "2025-10-20T00:47:50.498Z",
      "updatedAt": "2025-10-20T00:47:58.259Z",
      "comment": "",
      "uuid": "dd20d941-7038-4701-8aec-da34ea9c2762"
    },
    {
      "number": "5555-5555",
      "quantity": 4,
      "estimatedTime": 120,
      "accumulatedTime": 25,
      "manualProgress": 0,
      "tecnico": "552897",
      "uuid": "09dc7a37-213c-4cad-ac6d-7021f3f78e2e"
    }
  ],
  "engineering": [
    {
      "hours": 0,
      "partNumber": "N/A",
      "comment": "Horas importadas",
      "uuid": "29923c22-c68d-4323-8a08-fe76fcbb4e1c"
    }
  ],
  "support": [
    {
      "hours": 0,
      "partNumber": "N/A",
      "comment": "Horas importadas",
      "uuid": "ddd82050-b4a7-45e2-adab-c491182835c2"
    }
  ],
  "electrical": [
    {
      "number": "wdqe",
      "quantity": 4,
      "estimatedTime": 12,
      "accumulatedTime": 8,
      "manualProgress": 100,
      "tecnico": "555",
      "createdAt": "2025-10-19T23:23:30.280Z",
      "updatedAt": "2025-10-19T23:23:49.875Z",
      "comment": "",
      "uuid": "3552c3f5-dfe7-442d-84a2-5903ffe8bd40"
    }
  ],
  "quality": []
}