[
  {
    "uuid": "c8b69633-8717-4b7f-a68c-58aebb5e95f9",
    "number": "1111",
    "quantity": 4,
    "estimatedTime": 120,
    "accumulatedTime": 14,
    "manualProgress": 0,
    "tecnico": "admin",
    "createdAt": "2025-10-27T00:14:35.946Z",
    "updatedAt": "2025-10-27T00:15:25.543Z",
    "wrs": "1111-1111",
    "type": "Ensamble",
    "timeAdded": 14,
    "snapshotDate": "2025-10-26",
    "comment": ""
  },
  {
    "uuid": "de30e2c4-7dde-440c-87db-4122d1e0a6d6",
    "number": "2222",
    "quantity": 4,
    "estimatedTime": 120,
    "accumulatedTime": 9,
    "manualProgress": 0,
    "tecnico": "admin",
    "createdAt": "2025-10-27T00:16:03.417Z",
    "updatedAt": "2025-10-27T00:16:09.001Z",
    "wrs": "1111-1111",
    "type": "Ensamble",
    "timeAdded": 9,
    "snapshotDate": "2025-10-26"
  }
]